make 118,country,city,state
Alvarez,USA,St.Louis,MO
Alembic,USA,Santa Rosa ,CA
Babicz,USA,Poughkeepsie,NY
BC Rich,USA,Hebron,KY
Blackbird,USA,San Francisco,CA
Blade,USA,Grants Pass,OR
Bohemian,USA,Atlanta,GA
Breedlove,USA,Bend,OR
CR Alsip,USA,Arkansas City,KS
CF Martin,USA,Nazareth,PA
Charvel,USA,Glendora,CA
Chesbro,USA,Idaho Falls,ID
Collings,USA,Austin,TX
Danelectro,USA,Camarillo,CA
Dean,USA,Tampa,FL
Epiphone,USA,Nashville,TN
ESP,USA,Burbank,CA
Ernie Ball,USA,San Luis Obispo,CA
Fender,USA,Scottsdale,AZ
Fodera,USA,Brooklyn,NY
G&L,USA,Fullerton,CA
Gibson,USA,Nashville,TN
Gittler,USA,Ronkonkoma,NY
Gretsch,USA,Savannah,GA
Guild,USA,Oxnard,CA
Hamer,USA,Arlington Heights,IL
Heritage,USA,Kalamazoo,MI
Jackson,USA,Scottsdale,AZ
James Tyler,USA,San Francisco,CA
Jay Turser,USA,Buffalo Grove,IL
Johnson,USA,Yuma,AZ
Kiesel,USA,Escondido,CA
Koll,USA,Portland,OR
Kramer,USA,Nashville,TN
Kustom,USA,Hebron,KY
Lichty,USA,Tryon,NC
Michael Kelly,USA,Clearwater,FL
Micro Frets,USA,Frederick,MD
Modulus,USA,San Paolo,CA
Moniker,USA,Austin,TX
Mosrite,USA,Bakersfield,CA
Motor Av,USA,Durham,NC
Music Man,USA,San Luis Obispo,CA
Ovation,USA,New Hartford,CT
Parker,USA,Buffalo Grove,IL
PRS,USA,Stevensville,MD
Peavey,USA,Meredian,MS
RainSong,USA,Woodinville,WA
Recording King,USA,Hayward,CA
Reverend,USA,Sylvania Township,OH
Rickenbacker,USA,Santa Ana,CA
Sadowsky,USA,Long Island City,NY
Santa Cruz,USA,Santa Cruz,CA
Schecter,USA,Burbank,CA
Smith Custom,USA,Montgomery,AL
Steinberger,USA,Brooklyn,NY
Suhr,USA,Lake Elsinore,CA
Taylor,USA,El Cajon,CA
Tobias,USA,Nashville,TN
Tom Anderson,USA,Newbury Park,CA
Traben,USA,Clearwater,FL
Travis Bean,USA,,CA
Washburn,USA,Chicago,IL
Westone,USA,St.Louis,MO
Yairi Alvarez,USA,Chicago,IL
Zemaitis,USA,Paso Robles,CA
Zon,USA,Redwood City,CA
Trembita,UKR,Ukraine,
Burns,UK,London,
Chapman,UK,London,
Gordon Smith,UK,Manchester,
Joseph Lukes,UK,London,
Shergold,UK,London,
Hagstrom,SWE,Alvdalen,Dalecarlia
Levin,SWE,Gotheburg,
Sundberg,SWE,Sollenluna,
Ramirez,SPA,Spain,Jose Ramirez
Maestro,SIN,Singapore,
Freshman,SCT,East Kilbride,
Hora,ROM,Reghin,
Gilberto Gracio,PTL,Lisbon,
Mayones,POL,Gdansk,
Cort,KOR,South,
Italia,KOR,Republic,
Samick,KOR,Eumseong,
Aria,JAP,Nagoya,
Caparison,JAP,Nagoya,
Fernandes,JAP,Osaka,
FujiGen,JAP,Naguno,Matsumoto
Ibanez,JAP,Nagoya,Aichi
Kawai,JAP,Hamamatsu,Shizuoka
Tokai,JAP,Hamamatsu,Shizuoka
Takamine,JAP,Nakatsugawa,Gifu
Yamaha,JAP,Nakazawacho,Hamamatsu
Avalon,IRE,Newtownards,County Down
Lowden,IRE,County Down,
Dusenberg,GER,Hannover,
Hofner,GER,Hagenau,
Warwick,GER,Marknekirchen,
Lag,FRA,Occitania,
Vigier,FRA,Grigny,Essonne
Flaxwood,FIN,Heinavaara,N Karelia
Ruokangas,FIN,Janakkala,Juha Ruokangas
Furch,CZK,Velke Nemcice,
Walden,CHI,Lilan,Langfang
Eastwood,CAN,Georgetown,ON
Godin,CAN,Montreal,QB
Lado,CAN,Ontario,QB
Larrivee,CAN,Toronto,ON
Seagull,CAN,Montreal,QB
William Laskin,CAN,Hamilton,ON
Giannini,BRZ,Sao Paulo,Salto
Tonante,BRZ,Sao Paulo,Salto
Tagima,BRZ,Sao Bernardo,
Stagg,BEL,Brussels,
Maton,AUS,Box Hill,MB
TYM,AUS,Brisbane,
Cole Clark,AUS,Melbourne,
